epoch,step,val_loss
0,0,0.8583453893661499
0,1,1.0444653034210205
0,2,0.9331104159355164
0,3,0.7696070671081543
0,4,0.7117691040039062
0,5,0.691062331199646
0,6,0.6755276322364807
0,7,0.7089776396751404
0,8,0.7325354814529419
0,9,0.6919885277748108
0,10,0.6787669658660889
0,11,0.723805844783783
0,12,0.7477219104766846
0,13,0.7433983683586121
0,14,0.716075599193573
0,15,0.6906713843345642
0,16,0.6773309111595154
0,17,0.6746065020561218
0,18,0.6754131317138672
0,19,0.676405668258667
1,20,0.676734447479248
1,21,0.6778364777565002
1,22,0.6791929006576538
1,23,0.6787346601486206
1,24,0.6790164709091187
1,25,0.6778218150138855
1,26,0.6732417345046997
1,27,0.6707774996757507
1,28,0.6721704602241516
1,29,0.676390528678894
1,30,0.6827248930931091
1,31,0.6913720965385437
1,32,0.6989685297012329
1,33,0.7045591473579407
1,34,0.7031413316726685
1,35,0.6932623386383057
1,36,0.6809422373771667
1,37,0.6722604632377625
1,38,0.6617077589035034
1,39,0.6560758948326111
2,40,0.6502458453178406
2,41,0.6469007730484009
2,42,0.6461492776870728
2,43,0.6458200216293335
2,44,0.648926854133606
2,45,0.6411108374595642
2,46,0.6373187899589539
2,47,0.6478230357170105
2,48,0.6403380036354065
2,49,0.6372342705726624
2,50,0.638482928276062
2,51,0.6455197930335999
2,52,0.6507826447486877
2,53,0.6530312895774841
2,54,0.651242196559906
2,55,0.648769199848175
2,56,0.644461452960968
2,57,0.636125385761261
2,58,0.626415491104126
2,59,0.62589430809021
3,60,0.630495548248291
3,61,0.6400707364082336
3,62,0.6553217172622681
3,63,0.6548936367034912
3,64,0.6431522369384766
3,65,0.640292763710022
3,66,0.6440040469169617
3,67,0.6496449112892151
3,68,0.6324312686920166
3,69,0.623431921005249
3,70,0.6178411841392517
3,71,0.6247414350509644
3,72,0.6449598670005798
3,73,0.6606408953666687
3,74,0.647085428237915
3,75,0.6348012685775757
3,76,0.6290795803070068
3,77,0.629224956035614
3,78,0.6418435573577881
3,79,0.6482473015785217
4,80,0.6351531147956848
4,81,0.624211847782135
4,82,0.6131008267402649
4,83,0.6130357384681702
4,84,0.6159802675247192
4,85,0.6128286123275757
4,86,0.6111583709716797
4,87,0.6113208532333374
4,88,0.6106951832771301
4,89,0.6112070083618164
4,90,0.6148906946182251
4,91,0.6209990382194519
4,92,0.6230795979499817
4,93,0.6206876039505005
4,94,0.614671528339386
4,95,0.6186883449554443
4,96,0.6362746357917786
4,97,0.6526095867156982
4,98,0.6705389618873596
4,99,0.6671420335769653
5,100,0.6591401696205139
5,101,0.6425234079360962
5,102,0.6277074217796326
5,103,0.6183105707168579
5,104,0.6153839826583862
5,105,0.6169639229774475
5,106,0.6183818578720093
5,107,0.6189032196998596
5,108,0.6172553896903992
5,109,0.6105241179466248
5,110,0.6085699796676636
5,111,0.613334596157074
5,112,0.6256892085075378
5,113,0.6409525871276855
5,114,0.6475520133972168
5,115,0.6493932604789734
5,116,0.6422024369239807
5,117,0.641435980796814
5,118,0.6364091038703918
5,119,0.6273028254508972
6,120,0.61882084608078
6,121,0.6136147975921631
6,122,0.6075279712677002
6,123,0.6040120720863342
6,124,0.6043869853019714
6,125,0.6049656271934509
6,126,0.6035946011543274
6,127,0.6021462082862854
6,128,0.6027836203575134
6,129,0.6041934490203857
6,130,0.6075221300125122
6,131,0.6097431778907776
6,132,0.609771192073822
6,133,0.611314058303833
6,134,0.6137339472770691
6,135,0.6246129870414734
6,136,0.6365750432014465
6,137,0.6334386467933655
6,138,0.6163032650947571
6,139,0.6050146222114563
7,140,0.6249115467071533
7,141,0.6476076245307922
7,142,0.6502529978752136
7,143,0.6391187310218811
7,144,0.6140201687812805
7,145,0.5935121178627014
7,146,0.5855581760406494
7,147,0.5850580334663391
7,148,0.5882459878921509
7,149,0.5898969173431396
7,150,0.593154788017273
7,151,0.5994516015052795
7,152,0.6063453555107117
7,153,0.6056149005889893
7,154,0.6040811538696289
7,155,0.6044329404830933
7,156,0.6044737100601196
7,157,0.605773389339447
7,158,0.6045020222663879
7,159,0.6067044734954834
8,160,0.6053923964500427
8,161,0.5974159836769104
8,162,0.5895657539367676
8,163,0.5896934866905212
8,164,0.5953546166419983
8,165,0.5906496047973633
8,166,0.582152783870697
8,167,0.5750777125358582
8,168,0.5744425058364868
8,169,0.5807979702949524
8,170,0.5852587819099426
8,171,0.5861685276031494
8,172,0.5883961319923401
8,173,0.5912027359008789
8,174,0.5984349846839905
8,175,0.6082209944725037
8,176,0.6097133755683899
8,177,0.6046839356422424
8,178,0.5949339270591736
8,179,0.5811599493026733
9,180,0.572201669216156
9,181,0.5631704330444336
9,182,0.5586678981781006
9,183,0.5581235885620117
9,184,0.5588030219078064
9,185,0.5588754415512085
9,186,0.5600503087043762
9,187,0.5587059855461121
9,188,0.5597075819969177
9,189,0.56465744972229
9,190,0.5826391577720642
9,191,0.6009527444839478
9,192,0.6143283843994141
9,193,0.6072080731391907
9,194,0.5914131999015808
9,195,0.5727912783622742
9,196,0.5627629160881042
9,197,0.5619765520095825
9,198,0.5622119903564453
9,199,0.558509886264801
10,200,0.5567737817764282
10,201,0.5579663515090942
10,202,0.5729472041130066
10,203,0.5997549891471863
10,204,0.6118718385696411
10,205,0.5904911160469055
10,206,0.5747780203819275
10,207,0.573961079120636
10,208,0.5610129237174988
10,209,0.5517845153808594
10,210,0.5543012022972107
10,211,0.5530521869659424
10,212,0.5529045462608337
10,213,0.5519298911094666
10,214,0.5514535307884216
10,215,0.5503796339035034
10,216,0.5508938431739807
10,217,0.5615214705467224
10,218,0.5832608938217163
10,219,0.5936499834060669
11,220,0.6045603156089783
11,221,0.5966735482215881
11,222,0.583601713180542
11,223,0.5711526274681091
11,224,0.5675901174545288
11,225,0.5723846554756165
11,226,0.5634826421737671
11,227,0.5602911114692688
11,228,0.558436930179596
11,229,0.557341456413269
11,230,0.5448082089424133
11,231,0.541437566280365
11,232,0.5510883927345276
11,233,0.5684792399406433
11,234,0.578884482383728
11,235,0.5720210075378418
11,236,0.5648697018623352
11,237,0.5665771961212158
11,238,0.5506824254989624
11,239,0.5365874171257019
12,240,0.5266250967979431
12,241,0.5242424011230469
12,242,0.5310841798782349
12,243,0.5520118474960327
12,244,0.5803346037864685
12,245,0.5733065009117126
12,246,0.5454063415527344
12,247,0.5463933348655701
12,248,0.570648729801178
12,249,0.5830170512199402
12,250,0.5686503648757935
12,251,0.5496911406517029
12,252,0.5306926965713501
12,253,0.5258660912513733
12,254,0.5247014760971069
12,255,0.5271342992782593
12,256,0.5295445322990417
12,257,0.5297769904136658
12,258,0.5446633696556091
12,259,0.5784283876419067
13,260,0.6032917499542236
13,261,0.6037231087684631
13,262,0.5676628351211548
13,263,0.5417166948318481
13,264,0.53260338306427
13,265,0.5328342914581299
13,266,0.5307340025901794
13,267,0.5261932015419006
13,268,0.5303784608840942
13,269,0.5393445491790771
13,270,0.5518575310707092
13,271,0.5660656094551086
13,272,0.5819681286811829
13,273,0.5813754200935364
13,274,0.5529904961585999
13,275,0.5219416618347168
13,276,0.5121826529502869
13,277,0.5174872279167175
13,278,0.5132474303245544
13,279,0.5010981559753418
14,280,0.5076307058334351
14,281,0.5457195043563843
14,282,0.5886683464050293
14,283,0.597210705280304
14,284,0.5779099464416504
14,285,0.5452184677124023
14,286,0.5200981497764587
14,287,0.5291576981544495
14,288,0.5537185668945312
14,289,0.5503197908401489
14,290,0.5380597710609436
14,291,0.5203152894973755
14,292,0.5259184241294861
14,293,0.5545148849487305
14,294,0.5983599424362183
14,295,0.6405993700027466
14,296,0.6538198590278625
14,297,0.6129928231239319
14,298,0.562713086605072
14,299,0.5284351706504822
15,300,0.5204638838768005
15,301,0.516650915145874
15,302,0.5100935101509094
15,303,0.5048781037330627
15,304,0.5036557912826538
15,305,0.5061798095703125
15,306,0.5166032910346985
15,307,0.5177305340766907
15,308,0.5135988593101501
15,309,0.5146799087524414
15,310,0.5071737766265869
15,311,0.4931914508342743
15,312,0.48924368619918823
15,313,0.4912005364894867
15,314,0.4958917498588562
15,315,0.5016672611236572
15,316,0.5038025379180908
15,317,0.5060698986053467
15,318,0.5073402523994446
15,319,0.5193655490875244
16,320,0.5398320555686951
16,321,0.5381765365600586
16,322,0.523165762424469
16,323,0.5148906111717224
16,324,0.5075556039810181
16,325,0.4980444312095642
16,326,0.4921469986438751
16,327,0.48641058802604675
16,328,0.48944413661956787
16,329,0.4927002191543579
16,330,0.4843021631240845
16,331,0.4807494878768921
16,332,0.4862510561943054
16,333,0.4977306127548218
16,334,0.5048774480819702
16,335,0.5021507740020752
16,336,0.49941760301589966
16,337,0.4939098358154297
16,338,0.4945412576198578
16,339,0.5005477070808411
17,340,0.49251097440719604
17,341,0.49144378304481506
17,342,0.5066697597503662
17,343,0.5200055837631226
17,344,0.5171245336532593
17,345,0.5130214691162109
17,346,0.5168383121490479
17,347,0.5320022702217102
17,348,0.5496719479560852
17,349,0.5579972267150879
17,350,0.5383206605911255
17,351,0.5266250967979431
17,352,0.5236817002296448
17,353,0.5163226127624512
17,354,0.5164229273796082
17,355,0.5035823583602905
17,356,0.48761186003685
17,357,0.47896766662597656
17,358,0.4773789346218109
17,359,0.4837064743041992
18,360,0.4961899220943451
18,361,0.5024979114532471
18,362,0.5078449249267578
18,363,0.5066009163856506
18,364,0.4946506917476654
18,365,0.4869322180747986
18,366,0.4853366017341614
18,367,0.4930334985256195
18,368,0.49451854825019836
18,369,0.4917595684528351
18,370,0.4752100706100464
18,371,0.46192246675491333
18,372,0.4614142179489136
18,373,0.4625816345214844
18,374,0.46336156129837036
18,375,0.4683128595352173
18,376,0.48807066679000854
18,377,0.5171518325805664
18,378,0.5312197208404541
18,379,0.5367150902748108
19,380,0.5373794436454773
19,381,0.5432572960853577
19,382,0.5283495187759399
19,383,0.5129936933517456
19,384,0.49874383211135864
19,385,0.4933073818683624
19,386,0.48717376589775085
19,387,0.4791747033596039
19,388,0.4736287295818329
19,389,0.46987950801849365
19,390,0.47017088532447815
19,391,0.46545159816741943
19,392,0.4650203585624695
19,393,0.47421228885650635
19,394,0.4963654577732086
19,395,0.5140872001647949
19,396,0.4942814111709595
19,397,0.46903136372566223
19,398,0.4619418978691101
19,399,0.45927894115448
20,400,0.4600425660610199
20,401,0.46968474984169006
20,402,0.485198438167572
20,403,0.48998984694480896
20,404,0.4965631365776062
20,405,0.5074648261070251
20,406,0.5200504064559937
20,407,0.5083973407745361
20,408,0.4945329427719116
20,409,0.4862111806869507
20,410,0.4688495397567749
20,411,0.4610518515110016
20,412,0.45494747161865234
20,413,0.4571398198604584
20,414,0.464126318693161
20,415,0.4645286500453949
20,416,0.46406665444374084
20,417,0.46844542026519775
20,418,0.48432454466819763
20,419,0.5052205324172974
21,420,0.5249431729316711
21,421,0.52601557970047
21,422,0.5244970917701721
21,423,0.5141561031341553
21,424,0.48991498351097107
21,425,0.4680682122707367
21,426,0.46564120054244995
21,427,0.48791518807411194
21,428,0.5477154850959778
21,429,0.5473604798316956
21,430,0.47590354084968567
21,431,0.4480038583278656
21,432,0.4736352562904358
21,433,0.5008284449577332
21,434,0.5150222778320312
21,435,0.5235050320625305
21,436,0.5223730802536011
21,437,0.4981449544429779
21,438,0.4851437509059906
21,439,0.47529304027557373
22,440,0.46424224972724915
22,441,0.45665037631988525
22,442,0.45094016194343567
22,443,0.4513494074344635
22,444,0.45743030309677124
22,445,0.4710613191127777
22,446,0.49087274074554443
22,447,0.5013646483421326
22,448,0.5101540088653564
22,449,0.514934241771698
22,450,0.5170930624008179
22,451,0.5136853456497192
22,452,0.5045963525772095
22,453,0.49156832695007324
22,454,0.48512327671051025
22,455,0.48038268089294434
22,456,0.48055458068847656
22,457,0.4834951162338257
22,458,0.48514696955680847
22,459,0.4855879843235016
23,460,0.4888070225715637
23,461,0.49725160002708435
23,462,0.5134491324424744
23,463,0.5383020043373108
23,464,0.5552114844322205
23,465,0.5702328085899353
23,466,0.5619941353797913
23,467,0.5218590497970581
23,468,0.49308308959007263
23,469,0.47564879059791565
23,470,0.46535834670066833
23,471,0.4610036015510559
23,472,0.4590197503566742
23,473,0.4575766623020172
23,474,0.464270681142807
23,475,0.46081528067588806
23,476,0.4619942605495453
23,477,0.4714324176311493
23,478,0.4789770543575287
23,479,0.48683929443359375
24,480,0.496238112449646
24,481,0.4992218017578125
24,482,0.5001763701438904
24,483,0.48855912685394287
24,484,0.47100722789764404
24,485,0.45862093567848206
24,486,0.45487481355667114
24,487,0.45596054196357727
24,488,0.4619067907333374
24,489,0.4540543258190155
24,490,0.4473832845687866
24,491,0.451227605342865
24,492,0.45553189516067505
24,493,0.45702728629112244
24,494,0.4528934061527252
24,495,0.4550401568412781
24,496,0.4561605751514435
24,497,0.449677050113678
24,498,0.4437824487686157
24,499,0.4408124089241028
25,500,0.44265830516815186
25,501,0.4428102374076843
25,502,0.4392451345920563
25,503,0.4371911585330963
25,504,0.44629982113838196
25,505,0.4612094759941101
25,506,0.47296392917633057
25,507,0.48484474420547485
25,508,0.4609399437904358
25,509,0.44608810544013977
25,510,0.4357784390449524
25,511,0.42843711376190186
25,512,0.4312047064304352
25,513,0.4416669011116028
25,514,0.4490707516670227
25,515,0.4449516534805298
25,516,0.4676002264022827
25,517,0.51807701587677
25,518,0.5125795006752014
25,519,0.5104271769523621
26,520,0.5150352120399475
26,521,0.5078058242797852
26,522,0.4997795820236206
26,523,0.47598493099212646
26,524,0.4661693572998047
26,525,0.4561002254486084
26,526,0.44472113251686096
26,527,0.43902814388275146
26,528,0.4385747015476227
26,529,0.4380235970020294
26,530,0.43655136227607727
26,531,0.4386481046676636
26,532,0.44518837332725525
26,533,0.4517463445663452
26,534,0.45106351375579834
26,535,0.44305258989334106
26,536,0.4433048963546753
26,537,0.442238986492157
26,538,0.4317469894886017
26,539,0.42356646060943604
27,540,0.4218274652957916
27,541,0.4263399541378021
27,542,0.4302405118942261
27,543,0.42861679196357727
27,544,0.4236697256565094
27,545,0.4203588366508484
27,546,0.4232529103755951
27,547,0.4288913607597351
27,548,0.42855027318000793
27,549,0.4309799075126648
27,550,0.4375934600830078
27,551,0.43714654445648193
27,552,0.43211326003074646
27,553,0.4262498617172241
27,554,0.4223676323890686
27,555,0.42950284481048584
27,556,0.426237016916275
27,557,0.4300335943698883
27,558,0.42302027344703674
27,559,0.4211907982826233
28,560,0.4168604910373688
28,561,0.4185144305229187
28,562,0.4213927984237671
28,563,0.4248355031013489
28,564,0.4308619797229767
28,565,0.43462565541267395
28,566,0.43487223982810974
28,567,0.432559609413147
28,568,0.4400547444820404
28,569,0.44081032276153564
28,570,0.43225014209747314
28,571,0.42527374625205994
28,572,0.41820746660232544
28,573,0.414695143699646
28,574,0.41310128569602966
28,575,0.412876158952713
28,576,0.4235951900482178
28,577,0.4465603530406952
28,578,0.46612703800201416
28,579,0.48561397194862366
29,580,0.5027656555175781
29,581,0.5027096271514893
29,582,0.42882201075553894
29,583,0.4018813669681549
29,584,0.409962922334671
29,585,0.42461341619491577
29,586,0.43147650361061096
29,587,0.4298223853111267
29,588,0.41926807165145874
29,589,0.4138096868991852
29,590,0.41232532262802124
29,591,0.42187705636024475
29,592,0.44342055916786194
29,593,0.4791905879974365
29,594,0.5048291087150574
29,595,0.47672921419143677
29,596,0.44836416840553284
29,597,0.4347500503063202
29,598,0.4206077456474304
29,599,0.4194302260875702
30,600,0.4237285554409027
30,601,0.4286336898803711
30,602,0.43073809146881104
30,603,0.43130171298980713
30,604,0.4323669672012329
30,605,0.43194156885147095
30,606,0.4395054578781128
30,607,0.46945616602897644
30,608,0.5092037320137024
30,609,0.5350469946861267
30,610,0.5298904776573181
30,611,0.4978977143764496
30,612,0.47362425923347473
30,613,0.45904776453971863
30,614,0.4281710088253021
30,615,0.40931373834609985
30,616,0.4211273491382599
30,617,0.43138137459754944
30,618,0.43757617473602295
30,619,0.4411054849624634
31,620,0.4455242455005646
31,621,0.44204169511795044
31,622,0.4354645013809204
31,623,0.4282133877277374
31,624,0.424131840467453
31,625,0.42323875427246094
31,626,0.4330731928348541
31,627,0.4472491443157196
31,628,0.4641819894313812
31,629,0.4837186336517334
31,630,0.47413358092308044
31,631,0.45341068506240845
31,632,0.454965740442276
31,633,0.4528774917125702
31,634,0.44486773014068604
31,635,0.4284014105796814
31,636,0.4184308648109436
31,637,0.4151611328125
31,638,0.41508719325065613
31,639,0.4125522971153259
32,640,0.41563472151756287
32,641,0.4213765859603882
32,642,0.433134526014328
32,643,0.44330891966819763
32,644,0.45896393060684204
32,645,0.4682031273841858
32,646,0.46937501430511475
32,647,0.4675494134426117
32,648,0.4457987844944
32,649,0.4309232234954834
32,650,0.41612160205841064
32,651,0.40860262513160706
32,652,0.4048861563205719
32,653,0.4035263955593109
32,654,0.4051043689250946
32,655,0.4098084568977356
32,656,0.41793206334114075
32,657,0.41570761799812317
32,658,0.4098592698574066
32,659,0.4030035138130188
33,660,0.3979511260986328
33,661,0.4007830023765564
33,662,0.39847907423973083
33,663,0.393942654132843
33,664,0.3972507417201996
33,665,0.40236708521842957
33,666,0.40732306241989136
33,667,0.4160243272781372
33,668,0.40391576290130615
33,669,0.39871206879615784
33,670,0.39898890256881714
33,671,0.40033331513404846
33,672,0.40227988362312317
33,673,0.40406858921051025
33,674,0.3982756733894348
33,675,0.38833674788475037
33,676,0.39473578333854675
33,677,0.41490209102630615
33,678,0.4419489800930023
33,679,0.46851176023483276
34,680,0.4881921410560608
34,681,0.4852481186389923
34,682,0.47254475951194763
34,683,0.4566796123981476
34,684,0.4467025697231293
34,685,0.43000829219818115
34,686,0.4179202914237976
34,687,0.41784217953681946
34,688,0.4067336916923523
34,689,0.4043825566768646
34,690,0.40547335147857666
34,691,0.40790116786956787
34,692,0.41503092646598816
34,693,0.42677897214889526
34,694,0.4529827833175659
34,695,0.4645997881889343
34,696,0.47584137320518494
34,697,0.47798773646354675
34,698,0.4639802575111389
34,699,0.4403558671474457
35,700,0.4202653765678406
35,701,0.4130299389362335
35,702,0.4118919372558594
35,703,0.4132593870162964
35,704,0.4156127870082855
35,705,0.4213674068450928
35,706,0.4295186996459961
35,707,0.43782269954681396
35,708,0.44901642203330994
35,709,0.4646049439907074
35,710,0.4463878273963928
35,711,0.41637176275253296
35,712,0.4033597707748413
35,713,0.4039100408554077
35,714,0.40685439109802246
35,715,0.40002304315567017
35,716,0.3995763063430786
35,717,0.40278375148773193
35,718,0.40632665157318115
35,719,0.41097891330718994
36,720,0.4216245412826538
36,721,0.40826934576034546
36,722,0.3971928656101227
36,723,0.4024091362953186
36,724,0.4253405034542084
36,725,0.4561479687690735
36,726,0.49093854427337646
36,727,0.5132335424423218
36,728,0.4863754212856293
36,729,0.4520246088504791
36,730,0.43551144003868103
36,731,0.4298776388168335
36,732,0.43054354190826416
36,733,0.4272259771823883
36,734,0.42646607756614685
36,735,0.4235043227672577
36,736,0.42748111486434937
36,737,0.43001532554626465
36,738,0.43559473752975464
36,739,0.42743587493896484
37,740,0.418903648853302
37,741,0.41003429889678955
37,742,0.41062113642692566
37,743,0.39761507511138916
37,744,0.3893798589706421
37,745,0.38039833307266235
37,746,0.3773474395275116
37,747,0.3778208792209625
37,748,0.38074320554733276
37,749,0.38709014654159546
37,750,0.3906407058238983
37,751,0.3951396942138672
37,752,0.40018409490585327
37,753,0.4086555242538452
37,754,0.4095595180988312
37,755,0.40013328194618225
37,756,0.3909249007701874
37,757,0.3956710696220398
37,758,0.40231263637542725
37,759,0.40947163105010986
38,760,0.4139835238456726
38,761,0.41265782713890076
38,762,0.40133702754974365
38,763,0.3929913341999054
38,764,0.3884945213794708
38,765,0.384339839220047
38,766,0.3851068615913391
38,767,0.3968605697154999
38,768,0.4104352593421936
38,769,0.41140052676200867
38,770,0.4069305658340454
38,771,0.4042130410671234
38,772,0.4057570695877075
38,773,0.40627142786979675
38,774,0.40524306893348694
38,775,0.40614041686058044
38,776,0.40563347935676575
38,777,0.4013613760471344
38,778,0.4075411856174469
38,779,0.42707911133766174
39,780,0.4429798424243927
39,781,0.4512102007865906
39,782,0.4292301833629608
39,783,0.40058639645576477
39,784,0.394095242023468
39,785,0.3919077217578888
39,786,0.3915942311286926
39,787,0.3858895003795624
39,788,0.38360968232154846
39,789,0.384024053812027
39,790,0.3876234292984009
39,791,0.3895104229450226
39,792,0.39754077792167664
39,793,0.4022524654865265
39,794,0.41305404901504517
39,795,0.4283077120780945
39,796,0.45200997591018677
39,797,0.48013079166412354
39,798,0.48045989871025085
39,799,0.46664679050445557
40,800,0.43638160824775696
40,801,0.4127366542816162
40,802,0.4077073931694031
40,803,0.4014521837234497
40,804,0.38800516724586487
40,805,0.3799217939376831
40,806,0.38056349754333496
40,807,0.3870852291584015
40,808,0.40233638882637024
40,809,0.4270133972167969
40,810,0.42146241664886475
40,811,0.4055752456188202
40,812,0.3936418294906616
40,813,0.3842976689338684
40,814,0.37710684537887573
40,815,0.3712317943572998
40,816,0.3693147599697113
40,817,0.37340885400772095
40,818,0.38233721256256104
40,819,0.39661329984664917
41,820,0.4132569432258606
41,821,0.4283558130264282
41,822,0.42397648096084595
41,823,0.4165607690811157
41,824,0.41133639216423035
41,825,0.4151228964328766
41,826,0.4254509210586548
41,827,0.4284191131591797
41,828,0.4205113649368286
41,829,0.41482916474342346
41,830,0.4162633419036865
41,831,0.4027178883552551
41,832,0.39510947465896606
41,833,0.38821423053741455
41,834,0.38845905661582947
41,835,0.38188186287879944
41,836,0.38045379519462585
41,837,0.3768491744995117
41,838,0.37857508659362793
41,839,0.3843460977077484
42,840,0.38881000876426697
42,841,0.3916553556919098
42,842,0.3949850797653198
42,843,0.3947816789150238
42,844,0.39079344272613525
42,845,0.3864160180091858
42,846,0.38365936279296875
42,847,0.3826805353164673
42,848,0.3825727701187134
42,849,0.3834124803543091
42,850,0.38507214188575745
42,851,0.3810487389564514
42,852,0.38197338581085205
42,853,0.38996419310569763
42,854,0.3840593695640564
42,855,0.37658223509788513
42,856,0.37460440397262573
42,857,0.3775711953639984
42,858,0.37464869022369385
42,859,0.374404639005661
43,860,0.3766537606716156
43,861,0.37427130341529846
43,862,0.37449973821640015
43,863,0.3744031488895416
43,864,0.38055965304374695
43,865,0.38694271445274353
43,866,0.3971116542816162
43,867,0.3925233483314514
43,868,0.3878578841686249
43,869,0.3974565267562866
43,870,0.41995730996131897
43,871,0.46178287267684937
43,872,0.47688570618629456
43,873,0.4467228353023529
43,874,0.4050625264644623
43,875,0.3862099051475525
43,876,0.37714457511901855
43,877,0.3854597806930542
43,878,0.41066014766693115
43,879,0.4313453435897827
44,880,0.4394489526748657
44,881,0.4476128816604614
44,882,0.42304906249046326
44,883,0.4054469168186188
44,884,0.3943321108818054
44,885,0.3946993947029114
44,886,0.39258453249931335
44,887,0.39029815793037415
44,888,0.3916112780570984
44,889,0.3959733545780182
44,890,0.3990936577320099
44,891,0.4025512933731079
44,892,0.3991498053073883
44,893,0.4059343636035919
44,894,0.4171416759490967
44,895,0.4323164224624634
44,896,0.40762192010879517
44,897,0.4010849893093109
44,898,0.40525031089782715
44,899,0.4112645983695984
45,900,0.4054669141769409
45,901,0.3935905694961548
45,902,0.3915458619594574
45,903,0.4152172803878784
45,904,0.4425381124019623
45,905,0.4685772657394409
45,906,0.46982401609420776
45,907,0.466705322265625
45,908,0.44221705198287964
45,909,0.42441168427467346
45,910,0.41616007685661316
45,911,0.4037543833255768
45,912,0.4033442735671997
45,913,0.4047046899795532
45,914,0.39830970764160156
45,915,0.3958958685398102
45,916,0.393364816904068
45,917,0.3916434347629547
45,918,0.39475688338279724
45,919,0.40636634826660156
46,920,0.42168471217155457
46,921,0.43448585271835327
46,922,0.4491416811943054
46,923,0.4558543264865875
46,924,0.4612027108669281
46,925,0.4497345983982086
46,926,0.4415062665939331
46,927,0.42674872279167175
46,928,0.3943585455417633
46,929,0.38721317052841187
46,930,0.38951727747917175
46,931,0.39452415704727173
46,932,0.4004526436328888
46,933,0.4025529623031616
46,934,0.3936382532119751
46,935,0.3866674304008484
46,936,0.3861370384693146
46,937,0.3903288245201111
46,938,0.39910629391670227
46,939,0.4004592001438141
47,940,0.4026646316051483
47,941,0.39732223749160767
47,942,0.3877994418144226
47,943,0.38512560725212097
47,944,0.386811763048172
47,945,0.3953303098678589
47,946,0.4099057912826538
47,947,0.41940444707870483
47,948,0.411259263753891
47,949,0.39750680327415466
47,950,0.3969738781452179
47,951,0.40139827132225037
47,952,0.40349456667900085
47,953,0.3996857702732086
47,954,0.39745834469795227
47,955,0.3928608000278473
47,956,0.3859773874282837
47,957,0.37907516956329346
47,958,0.373558908700943
47,959,0.36840957403182983
48,960,0.3653416037559509
48,961,0.3662823438644409
48,962,0.37084710597991943
48,963,0.37650108337402344
48,964,0.3879930078983307
48,965,0.40544402599334717
48,966,0.43447983264923096
48,967,0.42356738448143005
48,968,0.4197927713394165
48,969,0.40713655948638916
48,970,0.395797461271286
48,971,0.3873264193534851
48,972,0.3797476887702942
48,973,0.37766024470329285
48,974,0.37953421473503113
48,975,0.3888288736343384
48,976,0.4065655767917633
48,977,0.41855037212371826
48,978,0.40508559346199036
48,979,0.3905995488166809
49,980,0.3809686303138733
49,981,0.37625548243522644
49,982,0.37341299653053284
49,983,0.3715142011642456
49,984,0.3708391487598419
49,985,0.36947253346443176
49,986,0.3678537607192993
49,987,0.3647750914096832
49,988,0.3645230829715729
49,989,0.3679709732532501
49,990,0.3753926753997803
49,991,0.3856876790523529
49,992,0.4176570177078247
49,993,0.43633797764778137
49,994,0.42538851499557495
49,995,0.3850177526473999
49,996,0.3708823323249817
49,997,0.37070032954216003
49,998,0.37538912892341614
49,999,0.3778717815876007
50,1000,0.37653297185897827
50,1001,0.3787829875946045
50,1002,0.39110809564590454
50,1003,0.3978561460971832
50,1004,0.39921674132347107
50,1005,0.40512406826019287
50,1006,0.4141188859939575
50,1007,0.4270866811275482
50,1008,0.43445929884910583
50,1009,0.4457530975341797
50,1010,0.4437388479709625
50,1011,0.42945539951324463
50,1012,0.4103150963783264
50,1013,0.3940615952014923
50,1014,0.3791118562221527
50,1015,0.37794700264930725
50,1016,0.3947771489620209
50,1017,0.42341405153274536
50,1018,0.4299808442592621
50,1019,0.42591622471809387
51,1020,0.41816002130508423
51,1021,0.38233596086502075
51,1022,0.3803633749485016
51,1023,0.39047372341156006
51,1024,0.3981005847454071
51,1025,0.4036647379398346
51,1026,0.40575477480888367
51,1027,0.40704894065856934
51,1028,0.4038606882095337
51,1029,0.3949317932128906
51,1030,0.39058127999305725
51,1031,0.3875385522842407
51,1032,0.3923891484737396
51,1033,0.3981385827064514
51,1034,0.3980059027671814
51,1035,0.3973885476589203
51,1036,0.4106996953487396
51,1037,0.43237853050231934
51,1038,0.4530442953109741
51,1039,0.4613628387451172
52,1040,0.4642503261566162
52,1041,0.460372656583786
52,1042,0.45772188901901245
52,1043,0.4522930085659027
52,1044,0.40808096528053284
52,1045,0.3959713876247406
52,1046,0.39595648646354675
52,1047,0.3955484628677368
52,1048,0.39199793338775635
52,1049,0.3883025646209717
52,1050,0.3856624364852905
52,1051,0.3883165717124939
52,1052,0.3980911374092102
52,1053,0.4218149185180664
52,1054,0.4507499635219574
52,1055,0.45816749334335327
52,1056,0.4539857506752014
52,1057,0.42907896637916565
52,1058,0.4188097417354584
52,1059,0.4160916805267334
53,1060,0.41976693272590637
53,1061,0.42175614833831787
53,1062,0.41738685965538025
53,1063,0.4102766811847687
53,1064,0.40202218294143677
53,1065,0.3952086567878723
53,1066,0.3903833329677582
53,1067,0.38350608944892883
53,1068,0.38086655735969543
53,1069,0.37940356135368347
53,1070,0.3839966952800751
53,1071,0.3980805575847626
53,1072,0.3901123106479645
53,1073,0.3790862262248993
53,1074,0.37272921204566956
53,1075,0.3602268099784851
53,1076,0.35602492094039917
53,1077,0.36368805170059204
53,1078,0.378061980009079
53,1079,0.4001041650772095
54,1080,0.4269424378871918
54,1081,0.4475329518318176
54,1082,0.4566337466239929
54,1083,0.4635293185710907
54,1084,0.45757806301116943
54,1085,0.4395642876625061
54,1086,0.41117140650749207
54,1087,0.39652425050735474
54,1088,0.3936120271682739
54,1089,0.39137953519821167
54,1090,0.38711997866630554
54,1091,0.38438093662261963
54,1092,0.37642624974250793
54,1093,0.37128111720085144
54,1094,0.37368515133857727
54,1095,0.3843822479248047
54,1096,0.39601194858551025
54,1097,0.4142051339149475
54,1098,0.42219069600105286
54,1099,0.42373329401016235
55,1100,0.42866066098213196
55,1101,0.42486125230789185
55,1102,0.4180375933647156
55,1103,0.4026995003223419
55,1104,0.4016388952732086
55,1105,0.40235796570777893
55,1106,0.40260255336761475
55,1107,0.3984091579914093
55,1108,0.39321982860565186
55,1109,0.39315512776374817
55,1110,0.3912980556488037
55,1111,0.3917081356048584
55,1112,0.3936535120010376
55,1113,0.3807533383369446
55,1114,0.38386258482933044
55,1115,0.399008572101593
55,1116,0.4195355474948883
55,1117,0.4352644979953766
55,1118,0.4527537524700165
55,1119,0.452975869178772
56,1120,0.430731862783432
56,1121,0.4020523726940155
56,1122,0.3839140236377716
56,1123,0.38133561611175537
56,1124,0.3867637515068054
56,1125,0.3924259841442108
56,1126,0.38833513855934143
56,1127,0.3794735074043274
56,1128,0.380623996257782
56,1129,0.39365947246551514
56,1130,0.41194143891334534
56,1131,0.43881911039352417
56,1132,0.44746094942092896
56,1133,0.45688849687576294
56,1134,0.4476041793823242
56,1135,0.44528278708457947
56,1136,0.45046624541282654
56,1137,0.4433571994304657
56,1138,0.43252840638160706
56,1139,0.4190901517868042
57,1140,0.41217759251594543
57,1141,0.4036383032798767
57,1142,0.4088038504123688
57,1143,0.4177219271659851
57,1144,0.4319065511226654
57,1145,0.4417685568332672
57,1146,0.44836097955703735
57,1147,0.4360601007938385
57,1148,0.3936747610569
57,1149,0.37773746252059937
57,1150,0.3916541337966919
57,1151,0.4004748463630676
57,1152,0.4086739718914032
57,1153,0.4134021997451782
57,1154,0.4180874526500702
57,1155,0.42155978083610535
57,1156,0.4124169945716858
57,1157,0.4102317690849304
57,1158,0.4212838411331177
57,1159,0.42733538150787354
58,1160,0.4304022490978241
58,1161,0.42349034547805786
58,1162,0.421056866645813
58,1163,0.41830313205718994
58,1164,0.41404837369918823
58,1165,0.41251227259635925
58,1166,0.40310800075531006
58,1167,0.39066535234451294
58,1168,0.381300151348114
58,1169,0.3788191080093384
58,1170,0.37777945399284363
58,1171,0.3778373599052429
58,1172,0.3703773617744446
58,1173,0.36671432852745056
58,1174,0.36822137236595154
58,1175,0.36852723360061646
58,1176,0.3693642318248749
58,1177,0.36653193831443787
58,1178,0.36485880613327026
58,1179,0.3675515651702881
59,1180,0.3679780960083008
59,1181,0.36493465304374695
59,1182,0.3676496744155884
59,1183,0.37456589937210083
59,1184,0.3804592788219452
59,1185,0.3892470598220825
59,1186,0.3928739130496979
59,1187,0.38932132720947266
59,1188,0.3893491327762604
59,1189,0.3839581310749054
59,1190,0.3768049478530884
59,1191,0.36838996410369873
59,1192,0.3702571392059326
59,1193,0.37802428007125854
59,1194,0.3928180932998657
59,1195,0.399722695350647
59,1196,0.4029446840286255
59,1197,0.4014066457748413
59,1198,0.3888360559940338
59,1199,0.38380637764930725
60,1200,0.3813319802284241
60,1201,0.38125526905059814
60,1202,0.3846256136894226
60,1203,0.39570367336273193
60,1204,0.40704476833343506
60,1205,0.4148949682712555
60,1206,0.4232572913169861
60,1207,0.408700168132782
60,1208,0.3864505887031555
60,1209,0.37891948223114014
60,1210,0.39251723885536194
60,1211,0.41413649916648865
60,1212,0.41611090302467346
60,1213,0.417695552110672
60,1214,0.4179571866989136
60,1215,0.4066258370876312
60,1216,0.40409982204437256
60,1217,0.40214183926582336
60,1218,0.3876287341117859
60,1219,0.3772733211517334
61,1220,0.37478014826774597
61,1221,0.37429487705230713
61,1222,0.37969961762428284
61,1223,0.38781434297561646
61,1224,0.3955863118171692
61,1225,0.39895498752593994
61,1226,0.38879913091659546
61,1227,0.38103926181793213
61,1228,0.3628363013267517
61,1229,0.35297930240631104
61,1230,0.35245367884635925
61,1231,0.36477556824684143
61,1232,0.3835855722427368
61,1233,0.40605995059013367
61,1234,0.41287344694137573
61,1235,0.41137805581092834
61,1236,0.40079447627067566
61,1237,0.3891192376613617
61,1238,0.3770112097263336
61,1239,0.3781513273715973
62,1240,0.38989201188087463
62,1241,0.4007340371608734
62,1242,0.411858469247818
62,1243,0.4121350049972534
62,1244,0.41527611017227173
62,1245,0.4141784608364105
62,1246,0.41501060128211975
62,1247,0.40430748462677
62,1248,0.39390429854393005
62,1249,0.3916185796260834
62,1250,0.3920949101448059
62,1251,0.3891390264034271
62,1252,0.3837435841560364
62,1253,0.3855370283126831
62,1254,0.3723098039627075
62,1255,0.35754507780075073
62,1256,0.3499455153942108
62,1257,0.35108131170272827
62,1258,0.35780638456344604
62,1259,0.36352652311325073
63,1260,0.36786574125289917
63,1261,0.3646816909313202
63,1262,0.35865822434425354
63,1263,0.3561585247516632
63,1264,0.37257081270217896
63,1265,0.3892841637134552
63,1266,0.40091395378112793
63,1267,0.39595091342926025
63,1268,0.39169546961784363
63,1269,0.37999361753463745
63,1270,0.36771056056022644
63,1271,0.36958321928977966
63,1272,0.3815854787826538
63,1273,0.39646950364112854
63,1274,0.3931337594985962
63,1275,0.3819953203201294
63,1276,0.372214674949646
63,1277,0.36958685517311096
63,1278,0.3750663101673126
63,1279,0.3840000033378601
64,1280,0.3945664167404175
64,1281,0.3997674882411957
64,1282,0.39999106526374817
64,1283,0.4006473124027252
64,1284,0.3927796185016632
64,1285,0.38048499822616577
64,1286,0.37801849842071533
64,1287,0.379753977060318
64,1288,0.3824044167995453
64,1289,0.3907662332057953
64,1290,0.40018942952156067
64,1291,0.4024650454521179
64,1292,0.4014122784137726
64,1293,0.38523969054222107
64,1294,0.37045714259147644
64,1295,0.36318138241767883
64,1296,0.3600311577320099
64,1297,0.3638606369495392
64,1298,0.36816826462745667
64,1299,0.36736762523651123
65,1300,0.3624062240123749
65,1301,0.3557887375354767
65,1302,0.3545907735824585
65,1303,0.3579525649547577
65,1304,0.3649059534072876
65,1305,0.3633844256401062
65,1306,0.3711952269077301
65,1307,0.38183021545410156
65,1308,0.3874228596687317
65,1309,0.3788338005542755
65,1310,0.3710055649280548
65,1311,0.3647506833076477
65,1312,0.36413803696632385
65,1313,0.35935118794441223
65,1314,0.3601280450820923
65,1315,0.36364471912384033
65,1316,0.3574014902114868
65,1317,0.3508407175540924
65,1318,0.34289947152137756
65,1319,0.3570045232772827
66,1320,0.3859471380710602
66,1321,0.4149322509765625
66,1322,0.43423211574554443
66,1323,0.4442385137081146
66,1324,0.4440397024154663
66,1325,0.4416724145412445
66,1326,0.43359705805778503
66,1327,0.4201604425907135
66,1328,0.4126123785972595
66,1329,0.4041776955127716
66,1330,0.40417325496673584
66,1331,0.3986623287200928
66,1332,0.3941769301891327
66,1333,0.38921210169792175
66,1334,0.38031139969825745
66,1335,0.3760942816734314
66,1336,0.3729000985622406
66,1337,0.3711656928062439
66,1338,0.37055808305740356
66,1339,0.38258543610572815
67,1340,0.4096148610115051
67,1341,0.43410155177116394
67,1342,0.4455140233039856
67,1343,0.4518740475177765
67,1344,0.4624065160751343
67,1345,0.4402574300765991
67,1346,0.41770637035369873
67,1347,0.4020955264568329
67,1348,0.3859879672527313
67,1349,0.3759404420852661
67,1350,0.3700251281261444
67,1351,0.36744120717048645
67,1352,0.3664306700229645
67,1353,0.3694963753223419
67,1354,0.3711879849433899
67,1355,0.37149691581726074
67,1356,0.36698874831199646
67,1357,0.36776942014694214
67,1358,0.36569178104400635
67,1359,0.36733582615852356
68,1360,0.3709985613822937
68,1361,0.3752245604991913
68,1362,0.38339483737945557
68,1363,0.37804290652275085
68,1364,0.37684157490730286
68,1365,0.37802591919898987
68,1366,0.38076508045196533
68,1367,0.38090285658836365
68,1368,0.3812023103237152
68,1369,0.38278284668922424
68,1370,0.37920433282852173
68,1371,0.37549513578414917
68,1372,0.38365423679351807
68,1373,0.3957773447036743
68,1374,0.40685760974884033
68,1375,0.4061702489852905
68,1376,0.373085618019104
68,1377,0.36306408047676086
68,1378,0.3671662509441376
68,1379,0.3757081627845764
69,1380,0.3814464807510376
69,1381,0.3837226629257202
69,1382,0.37795475125312805
69,1383,0.38084647059440613
69,1384,0.3977552056312561
69,1385,0.417123019695282
69,1386,0.4393993616104126
69,1387,0.44493597745895386
69,1388,0.42242857813835144
69,1389,0.40139153599739075
69,1390,0.3789791762828827
69,1391,0.3664917051792145
69,1392,0.367684543132782
69,1393,0.3740450143814087
69,1394,0.3728729486465454
69,1395,0.37139928340911865
69,1396,0.36854225397109985
69,1397,0.36090928316116333
69,1398,0.3561875820159912
69,1399,0.35197487473487854
70,1400,0.35378631949424744
70,1401,0.35771647095680237
70,1402,0.35896673798561096
70,1403,0.36544808745384216
70,1404,0.3727647364139557
70,1405,0.37089377641677856
70,1406,0.3728236258029938
70,1407,0.38000619411468506
70,1408,0.3950132131576538
70,1409,0.4115757644176483
70,1410,0.4272739291191101
70,1411,0.3954119086265564
70,1412,0.3693561851978302
70,1413,0.3486468493938446
70,1414,0.34946101903915405
70,1415,0.35719355940818787
70,1416,0.3626357913017273
70,1417,0.36760348081588745
70,1418,0.36540308594703674
70,1419,0.36096426844596863
71,1420,0.35221368074417114
71,1421,0.3456438481807709
71,1422,0.34409359097480774
71,1423,0.350503534078598
71,1424,0.36419677734375
71,1425,0.37528496980667114
71,1426,0.3863814175128937
71,1427,0.3924523890018463
71,1428,0.39260581135749817
71,1429,0.39586466550827026
71,1430,0.3871908485889435
71,1431,0.3697145879268646
71,1432,0.35646095871925354
71,1433,0.3515406847000122
71,1434,0.3505264222621918
71,1435,0.35342589020729065
71,1436,0.3595394790172577
71,1437,0.3636680245399475
71,1438,0.3602968454360962
71,1439,0.3595596253871918
72,1440,0.3602703809738159
72,1441,0.3680557906627655
72,1442,0.38657233119010925
72,1443,0.4123767614364624
72,1444,0.43179285526275635
72,1445,0.4485243558883667
72,1446,0.44469746947288513
72,1447,0.42841750383377075
72,1448,0.40728959441185
72,1449,0.3895488679409027
72,1450,0.3746803402900696
72,1451,0.3647814095020294
72,1452,0.36711448431015015
72,1453,0.37056323885917664
72,1454,0.36890116333961487
72,1455,0.35218092799186707
72,1456,0.3442384600639343
72,1457,0.3501874804496765
72,1458,0.3602429926395416
72,1459,0.3755705952644348
73,1460,0.39416390657424927
73,1461,0.4145841896533966
73,1462,0.4298790395259857
73,1463,0.4464952349662781
73,1464,0.44745081663131714
73,1465,0.44769203662872314
73,1466,0.42901095747947693
73,1467,0.40668556094169617
73,1468,0.3826686441898346
73,1469,0.37495219707489014
73,1470,0.3685590326786041
73,1471,0.3677448630332947
73,1472,0.3630533516407013
73,1473,0.3631440997123718
73,1474,0.36551371216773987
73,1475,0.36830148100852966
73,1476,0.37130531668663025
73,1477,0.37437576055526733
73,1478,0.37666380405426025
73,1479,0.38613495230674744
74,1480,0.40768346190452576
74,1481,0.4383734464645386
74,1482,0.45755159854888916
74,1483,0.46288353204727173
74,1484,0.45195043087005615
74,1485,0.4224129915237427
74,1486,0.397306889295578
74,1487,0.3858782947063446
74,1488,0.3733711242675781
74,1489,0.3572891354560852
74,1490,0.3496517837047577
74,1491,0.3482639193534851
74,1492,0.34806692600250244
74,1493,0.35231879353523254
74,1494,0.35541945695877075
74,1495,0.35495173931121826
74,1496,0.3492977023124695
74,1497,0.34534400701522827
74,1498,0.34637877345085144
74,1499,0.3551984429359436
75,1500,0.36075055599212646
75,1501,0.3706005811691284
75,1502,0.38063475489616394
75,1503,0.38769134879112244
75,1504,0.37364661693573
75,1505,0.3795553147792816
75,1506,0.3871697187423706
75,1507,0.39334288239479065
75,1508,0.3974679708480835
75,1509,0.3951367139816284
75,1510,0.3924580514431
75,1511,0.3870628774166107
75,1512,0.38882309198379517
75,1513,0.3866328299045563
75,1514,0.37688925862312317
75,1515,0.3801438808441162
75,1516,0.4021568298339844
75,1517,0.4325118362903595
75,1518,0.46278294920921326
75,1519,0.47380220890045166
76,1520,0.4820600748062134
76,1521,0.4887230694293976
76,1522,0.46820738911628723
76,1523,0.4272720217704773
76,1524,0.40692198276519775
76,1525,0.40209946036338806
76,1526,0.40253716707229614
76,1527,0.4075112044811249
76,1528,0.4129630923271179
76,1529,0.40502411127090454
76,1530,0.39819666743278503
76,1531,0.39022186398506165
76,1532,0.38307440280914307
76,1533,0.374930739402771
76,1534,0.3679581582546234
76,1535,0.3582308888435364
76,1536,0.3547392189502716
76,1537,0.3592571020126343
76,1538,0.36347609758377075
76,1539,0.3707226812839508
77,1540,0.3745799660682678
77,1541,0.37618541717529297
77,1542,0.3756234645843506
77,1543,0.3815102279186249
77,1544,0.39053329825401306
77,1545,0.406229168176651
77,1546,0.40617355704307556
77,1547,0.39792999625205994
77,1548,0.38504427671432495
77,1549,0.37511786818504333
77,1550,0.36858314275741577
77,1551,0.36582374572753906
77,1552,0.3664711117744446
77,1553,0.3638197183609009
77,1554,0.36668792366981506
77,1555,0.36838439106941223
77,1556,0.36801111698150635
77,1557,0.36509940028190613
77,1558,0.36045101284980774
77,1559,0.35726723074913025
78,1560,0.354699045419693
78,1561,0.35764044523239136
78,1562,0.36437997221946716
78,1563,0.37317198514938354
78,1564,0.3888559341430664
78,1565,0.41021227836608887
78,1566,0.42295029759407043
78,1567,0.41624224185943604
78,1568,0.40393784642219543
78,1569,0.383634477853775
78,1570,0.370939165353775
78,1571,0.3595641255378723
78,1572,0.35549795627593994
78,1573,0.34838351607322693
78,1574,0.3479178547859192
78,1575,0.3495863974094391
78,1576,0.3592374920845032
78,1577,0.3697696924209595
78,1578,0.37363091111183167
78,1579,0.375079870223999
79,1580,0.3755556046962738
79,1581,0.37672263383865356
79,1582,0.3861168324947357
79,1583,0.39397457242012024
79,1584,0.40345442295074463
79,1585,0.4153437912464142
79,1586,0.4119986593723297
79,1587,0.3909161388874054
79,1588,0.3854603171348572
79,1589,0.3887890577316284
79,1590,0.39274805784225464
79,1591,0.3910278379917145
79,1592,0.3851524293422699
79,1593,0.3803810775279999
79,1594,0.3723600506782532
79,1595,0.3642979562282562
79,1596,0.3592759370803833
79,1597,0.35841134190559387
79,1598,0.36197394132614136
79,1599,0.36802491545677185
80,1600,0.3739098012447357
80,1601,0.3797507882118225
80,1602,0.3721238076686859
80,1603,0.355653315782547
80,1604,0.3463708758354187
80,1605,0.3466792702674866
80,1606,0.3514406085014343
80,1607,0.3620552718639374
80,1608,0.3696800470352173
80,1609,0.3746672570705414
80,1610,0.37761348485946655
80,1611,0.37683776021003723
80,1612,0.37222394347190857
80,1613,0.3778873682022095
80,1614,0.3960932195186615
80,1615,0.4256003201007843
80,1616,0.4466303288936615
80,1617,0.461988627910614
80,1618,0.4566594958305359
80,1619,0.43972137570381165
81,1620,0.414433091878891
81,1621,0.38589707016944885
81,1622,0.36083319783210754
81,1623,0.34633898735046387
81,1624,0.34345757961273193
81,1625,0.34523165225982666
81,1626,0.3459146022796631
81,1627,0.34491443634033203
81,1628,0.3471575975418091
81,1629,0.35194647312164307
81,1630,0.3566068410873413
81,1631,0.35585471987724304
81,1632,0.3545342683792114
81,1633,0.3613329231739044
81,1634,0.3711148798465729
81,1635,0.38170376420021057
81,1636,0.396218478679657
81,1637,0.4085974395275116
81,1638,0.4190010726451874
81,1639,0.42953717708587646
82,1640,0.4220980107784271
82,1641,0.4047861099243164
82,1642,0.39481639862060547
82,1643,0.3890792727470398
82,1644,0.37431129813194275
82,1645,0.35958272218704224
82,1646,0.35096320509910583
82,1647,0.3491632342338562
82,1648,0.3532358407974243
82,1649,0.3554530441761017
82,1650,0.3555046319961548
82,1651,0.35476380586624146
82,1652,0.3564234972000122
82,1653,0.3603760004043579
82,1654,0.3664126694202423
82,1655,0.3607184886932373
82,1656,0.3611818552017212
82,1657,0.37600699067115784
82,1658,0.3855457305908203
82,1659,0.3878649175167084
83,1660,0.3903750479221344
83,1661,0.39243221282958984
83,1662,0.395569384098053
83,1663,0.3834788501262665
83,1664,0.3635943531990051
83,1665,0.351394921541214
83,1666,0.34437957406044006
83,1667,0.34239256381988525
83,1668,0.3347175121307373
83,1669,0.32876187562942505
83,1670,0.32678499817848206
83,1671,0.3286669850349426
83,1672,0.33816054463386536
83,1673,0.35363295674324036
83,1674,0.3614102303981781
83,1675,0.36403778195381165
83,1676,0.35579898953437805
83,1677,0.3477175831794739
83,1678,0.34806588292121887
83,1679,0.34896937012672424
84,1680,0.3517390787601471
84,1681,0.356239914894104
84,1682,0.33255892992019653
84,1683,0.32509613037109375
84,1684,0.3199942409992218
84,1685,0.3176068365573883
84,1686,0.31842315196990967
84,1687,0.32177630066871643
84,1688,0.3255065083503723
84,1689,0.3255065679550171
84,1690,0.324426531791687
84,1691,0.3229224383831024
84,1692,0.3214758336544037
84,1693,0.3252307176589966
84,1694,0.3425828218460083
84,1695,0.3750169277191162
84,1696,0.41417208313941956
84,1697,0.45107001066207886
84,1698,0.47164633870124817
84,1699,0.46565428376197815
85,1700,0.4198463559150696
85,1701,0.35591670870780945
85,1702,0.3197246193885803
85,1703,0.3135995864868164
85,1704,0.3214198052883148
85,1705,0.3280119299888611
85,1706,0.32759588956832886
85,1707,0.3213288187980652
85,1708,0.3235023617744446
85,1709,0.3244761526584625
85,1710,0.33036354184150696
85,1711,0.34951192140579224
85,1712,0.3824932873249054
85,1713,0.3769732415676117
85,1714,0.37565669417381287
85,1715,0.36933180689811707
85,1716,0.35357287526130676
85,1717,0.3268505334854126
85,1718,0.31585875153541565
85,1719,0.3273848593235016
86,1720,0.3359871804714203
86,1721,0.34244200587272644
86,1722,0.34493109583854675
86,1723,0.3378971517086029
86,1724,0.338712602853775
86,1725,0.3550589680671692
86,1726,0.36623677611351013
86,1727,0.3691505193710327
86,1728,0.37219130992889404
86,1729,0.3873932659626007
86,1730,0.409000426530838
86,1731,0.39755430817604065
86,1732,0.38517361879348755
86,1733,0.3651609718799591
86,1734,0.3555191159248352
86,1735,0.3330867886543274
86,1736,0.3465682864189148
86,1737,0.3581441640853882
86,1738,0.3715313971042633
86,1739,0.38401103019714355
87,1740,0.3937596082687378
87,1741,0.38249900937080383
87,1742,0.35779258608818054
87,1743,0.345245361328125
87,1744,0.3451363444328308
87,1745,0.3683444857597351
87,1746,0.38287553191185
87,1747,0.38404831290245056
87,1748,0.3778359591960907
87,1749,0.3691152334213257
87,1750,0.36574867367744446
87,1751,0.362954705953598
87,1752,0.3611876964569092
87,1753,0.35884198546409607
87,1754,0.3539780378341675
87,1755,0.3479689061641693
87,1756,0.3415758013725281
87,1757,0.3470830023288727
87,1758,0.36323651671409607
87,1759,0.3759576678276062
88,1760,0.38642165064811707
88,1761,0.39925864338874817
88,1762,0.3955269157886505
88,1763,0.39173293113708496
88,1764,0.3930240571498871
88,1765,0.40598899126052856
88,1766,0.41325342655181885
88,1767,0.42557013034820557
88,1768,0.41598761081695557
88,1769,0.3952602744102478
88,1770,0.38020774722099304
88,1771,0.3677559196949005
88,1772,0.35902106761932373
88,1773,0.3537222146987915
88,1774,0.35268446803092957
88,1775,0.35141509771347046
88,1776,0.34907257556915283
88,1777,0.34573498368263245
88,1778,0.34265434741973877
88,1779,0.34915146231651306
89,1780,0.3617708086967468
89,1781,0.3702292740345001
89,1782,0.37128403782844543
89,1783,0.37239256501197815
89,1784,0.37889307737350464
89,1785,0.38524875044822693
89,1786,0.3776095509529114
89,1787,0.3764462172985077
89,1788,0.3770146071910858
89,1789,0.37986835837364197
89,1790,0.3631138205528259
89,1791,0.34750643372535706
89,1792,0.33797982335090637
89,1793,0.33173102140426636
89,1794,0.3268488049507141
89,1795,0.3237312436103821
89,1796,0.32082003355026245
89,1797,0.32654303312301636
89,1798,0.33154407143592834
89,1799,0.33982494473457336
90,1800,0.3560919165611267
90,1801,0.3655684292316437
90,1802,0.37758705019950867
90,1803,0.3692771792411804
90,1804,0.3576084077358246
90,1805,0.3527468740940094
90,1806,0.3513018786907196
90,1807,0.34127429127693176
90,1808,0.33123958110809326
90,1809,0.32228514552116394
90,1810,0.3235723376274109
90,1811,0.32814091444015503
90,1812,0.3239705264568329
90,1813,0.3188630938529968
90,1814,0.3101778030395508
90,1815,0.30769068002700806
90,1816,0.3072204887866974
90,1817,0.3025282323360443
90,1818,0.30256691575050354
90,1819,0.31789085268974304
91,1820,0.33186158537864685
91,1821,0.35362792015075684
91,1822,0.37109920382499695
91,1823,0.3697809875011444
91,1824,0.369924932718277
91,1825,0.3736506700515747
91,1826,0.38185080885887146
91,1827,0.39186519384384155
91,1828,0.3839787542819977
91,1829,0.38560280203819275
91,1830,0.39605963230133057
91,1831,0.39761030673980713
91,1832,0.3859456777572632
91,1833,0.37183940410614014
91,1834,0.3673676550388336
91,1835,0.3613637685775757
91,1836,0.3527173101902008
91,1837,0.32678738236427307
91,1838,0.32551106810569763
91,1839,0.35336533188819885
92,1840,0.3940437436103821
92,1841,0.41754722595214844
92,1842,0.42680099606513977
92,1843,0.4382295608520508
92,1844,0.42753615975379944
92,1845,0.3966825008392334
92,1846,0.35967743396759033
92,1847,0.33815401792526245
92,1848,0.34783878922462463
92,1849,0.35572749376296997
92,1850,0.35011497139930725
92,1851,0.3401572108268738
92,1852,0.33060604333877563
92,1853,0.3358011245727539
92,1854,0.34790465235710144
92,1855,0.3695438802242279
92,1856,0.39256903529167175
92,1857,0.40249860286712646
92,1858,0.406744122505188
92,1859,0.4180341362953186
93,1860,0.41800135374069214
93,1861,0.4131005108356476
93,1862,0.39323294162750244
93,1863,0.38166797161102295
93,1864,0.3700563311576843
93,1865,0.35955607891082764
93,1866,0.35264164209365845
93,1867,0.3437020182609558
93,1868,0.34705039858818054
93,1869,0.3519536256790161
93,1870,0.35038596391677856
93,1871,0.3496794104576111
93,1872,0.3523302972316742
93,1873,0.3582947850227356
93,1874,0.3539081811904907
93,1875,0.34959930181503296
93,1876,0.3487716019153595
93,1877,0.36013612151145935
93,1878,0.35936519503593445
93,1879,0.3650127649307251
94,1880,0.37274062633514404
94,1881,0.3606656789779663
94,1882,0.3477165997028351
94,1883,0.3376360237598419
94,1884,0.33857786655426025
94,1885,0.345162034034729
94,1886,0.36346444487571716
94,1887,0.3825468420982361
94,1888,0.40837088227272034
94,1889,0.41976988315582275
94,1890,0.4164310693740845
94,1891,0.40703046321868896
94,1892,0.3941306173801422
94,1893,0.38278770446777344
94,1894,0.37523210048675537
94,1895,0.3790869116783142
94,1896,0.3797597885131836
94,1897,0.385965496301651
94,1898,0.38852500915527344
94,1899,0.36281394958496094
95,1900,0.33729690313339233
95,1901,0.34854385256767273
95,1902,0.3656851053237915
95,1903,0.38521724939346313
95,1904,0.40044957399368286
95,1905,0.4159031808376312
95,1906,0.43872374296188354
95,1907,0.45228302478790283
95,1908,0.4505942463874817
95,1909,0.4481000006198883
95,1910,0.4390510320663452
95,1911,0.4142149090766907
95,1912,0.3883732557296753
95,1913,0.3678360879421234
95,1914,0.3551236093044281
95,1915,0.34688445925712585
95,1916,0.34296756982803345
95,1917,0.3388182818889618
95,1918,0.33907318115234375
95,1919,0.3359474837779999
96,1920,0.33668282628059387
96,1921,0.34204086661338806
96,1922,0.35268479585647583
96,1923,0.3618382513523102
96,1924,0.3723381757736206
96,1925,0.3772318661212921
96,1926,0.3824519217014313
96,1927,0.3787911534309387
96,1928,0.3709349036216736
96,1929,0.36264845728874207
96,1930,0.35115039348602295
96,1931,0.34888747334480286
96,1932,0.3551357388496399
96,1933,0.3609471023082733
96,1934,0.36222320795059204
96,1935,0.361799955368042
96,1936,0.3512970209121704
96,1937,0.34336021542549133
96,1938,0.33292651176452637
96,1939,0.32728254795074463
97,1940,0.32706236839294434
97,1941,0.33603668212890625
97,1942,0.3526228368282318
97,1943,0.3650361895561218
97,1944,0.381679892539978
97,1945,0.40304866433143616
97,1946,0.39210450649261475
97,1947,0.35049545764923096
97,1948,0.31698447465896606
97,1949,0.3049837350845337
97,1950,0.30054694414138794
97,1951,0.302929162979126
97,1952,0.3114002048969269
97,1953,0.3201969265937805
97,1954,0.33106744289398193
97,1955,0.34042254090309143
97,1956,0.33669957518577576
97,1957,0.34523627161979675
97,1958,0.35045328736305237
97,1959,0.3543294072151184
98,1960,0.35528770089149475
98,1961,0.35480719804763794
98,1962,0.335713267326355
98,1963,0.3228801488876343
98,1964,0.31617259979248047
98,1965,0.3102286159992218
98,1966,0.30281317234039307
98,1967,0.29973846673965454
98,1968,0.297710120677948
98,1969,0.2983474135398865
98,1970,0.30430492758750916
98,1971,0.31301239132881165
98,1972,0.32253456115722656
98,1973,0.3361971974372864
98,1974,0.3545725643634796
98,1975,0.3900408148765564
98,1976,0.4014989733695984
98,1977,0.38439151644706726
98,1978,0.3806283473968506
98,1979,0.3615094721317291
99,1980,0.345830500125885
99,1981,0.3377247750759125
99,1982,0.34288832545280457
99,1983,0.34511229395866394
99,1984,0.34559646248817444
99,1985,0.34519606828689575
99,1986,0.33774739503860474
99,1987,0.3360976278781891
99,1988,0.33817169070243835
99,1989,0.3430737555027008
99,1990,0.3565555214881897
99,1991,0.37123245000839233
99,1992,0.38349494338035583
99,1993,0.38167479634284973
99,1994,0.3782377541065216
99,1995,0.3771035671234131
99,1996,0.3691829442977905
99,1997,0.3677747845649719
99,1998,0.36843928694725037
99,1999,0.3628261089324951
